[
    {
        "T\u00edtulo":"O Poderoso Chef\u00e3o",
        "G\u00eanero":"Drama",
        "Ano de Lan\u00e7amento":1972,
        "Dura\u00e7\u00e3o (min)":175
    },
    {
        "T\u00edtulo":"O Senhor dos An\u00e9is: A Sociedade do Anel",
        "G\u00eanero":"Fantasia",
        "Ano de Lan\u00e7amento":2001,
        "Dura\u00e7\u00e3o (min)":178
    },
    {
        "T\u00edtulo":"Forrest Gump",
        "G\u00eanero":"Drama",
        "Ano de Lan\u00e7amento":1994,
        "Dura\u00e7\u00e3o (min)":142
    },
    {
        "T\u00edtulo":"Matrix",
        "G\u00eanero":"Fic\u00e7\u00e3o Cient\u00edfica",
        "Ano de Lan\u00e7amento":1999,
        "Dura\u00e7\u00e3o (min)":136
    },
    {
        "T\u00edtulo":"Interestelar",
        "G\u00eanero":"Fic\u00e7\u00e3o Cient\u00edfica",
        "Ano de Lan\u00e7amento":2014,
        "Dura\u00e7\u00e3o (min)":169
    }
]